flink_operator_TumblingEventTimeWindows_throughput_in,1708025259,0
flink_operator_TumblingEventTimeWindows_throughput_in,1708025264,0
flink_operator_TumblingEventTimeWindows_throughput_in,1708025269,0
flink_operator_TumblingEventTimeWindows_throughput_in,1708025274,209.3833333333
flink_operator_TumblingEventTimeWindows_throughput_in,1708025279,789.9666666666
flink_operator_TumblingEventTimeWindows_throughput_in,1708025284,789.9666666666
flink_operator_TumblingEventTimeWindows_throughput_in,1708025289,789.9666666666
flink_operator_TumblingEventTimeWindows_throughput_in,1708025294,789.9666666666
flink_operator_TumblingEventTimeWindows_throughput_in,1708025299,2457.4
flink_operator_TumblingEventTimeWindows_throughput_in,1708025304,6301.43333333
flink_operator_TumblingEventTimeWindows_throughput_in,1708025309,10344.83333333
flink_operator_TumblingEventTimeWindows_throughput_in,1708025314,16464.6
flink_operator_TumblingEventTimeWindows_throughput_in,1708025319,16464.6
flink_operator_TumblingEventTimeWindows_throughput_in,1708025324,20723.23333333
flink_operator_TumblingEventTimeWindows_throughput_in,1708025329,22311.2
flink_operator_TumblingEventTimeWindows_throughput_in,1708025334,22925.1
flink_operator_TumblingEventTimeWindows_throughput_in,1708025339,22344.51666666
flink_operator_TumblingEventTimeWindows_throughput_in,1708025344,22344.51666666
flink_operator_TumblingEventTimeWindows_throughput_in,1708025349,28156
flink_operator_TumblingEventTimeWindows_throughput_in,1708025354,29092.283333329997
flink_operator_TumblingEventTimeWindows_throughput_in,1708025359,27424.85
flink_operator_TumblingEventTimeWindows_throughput_in,1708025364,25367.46666666
flink_operator_TumblingEventTimeWindows_throughput_in,1708025369,23593.15
flink_operator_TumblingEventTimeWindows_throughput_in,1708025374,19399.81666666
flink_operator_TumblingEventTimeWindows_throughput_in,1708025379,23260.98333333
flink_operator_TumblingEventTimeWindows_throughput_in,1708025384,24147.2
flink_operator_TumblingEventTimeWindows_throughput_in,1708025389,24006.01666666
flink_operator_TumblingEventTimeWindows_throughput_in,1708025394,26918.8
flink_operator_TumblingEventTimeWindows_throughput_in,1708025399,29935.233333329998
flink_operator_TumblingEventTimeWindows_throughput_in,1708025404,29935.233333329998
flink_operator_TumblingEventTimeWindows_throughput_in,1708025409,27952.7
flink_operator_TumblingEventTimeWindows_throughput_in,1708025414,29849.18333333
flink_operator_TumblingEventTimeWindows_throughput_in,1708025419,29849.18333333
flink_operator_TumblingEventTimeWindows_throughput_in,1708025424,30366.93333333
flink_operator_TumblingEventTimeWindows_throughput_in,1708025429,29889.833333329996
flink_operator_TumblingEventTimeWindows_throughput_in,1708025434,27963.4
flink_operator_TumblingEventTimeWindows_throughput_in,1708025439,25185.23333333
flink_operator_TumblingEventTimeWindows_throughput_in,1708025444,23479.93333333
flink_operator_TumblingEventTimeWindows_throughput_in,1708025449,23194.85
flink_operator_TumblingEventTimeWindows_throughput_in,1708025454,24837.31666666
flink_operator_TumblingEventTimeWindows_throughput_in,1708025459,24897.28333333
flink_operator_TumblingEventTimeWindows_throughput_in,1708025464,28185.3
flink_operator_TumblingEventTimeWindows_throughput_in,1708025469,26249.31666666
flink_operator_TumblingEventTimeWindows_throughput_in,1708025474,28232.73333333
flink_operator_TumblingEventTimeWindows_throughput_in,1708025479,28232.73333333
flink_operator_TumblingEventTimeWindows_throughput_in,1708025484,29902.43333333
flink_operator_TumblingEventTimeWindows_throughput_in,1708025489,30418.55
flink_operator_TumblingEventTimeWindows_throughput_in,1708025494,30418.55
flink_operator_TumblingEventTimeWindows_throughput_in,1708025499,29551
flink_operator_TumblingEventTimeWindows_throughput_in,1708025504,26435.16666666
flink_operator_TumblingEventTimeWindows_throughput_in,1708025509,27996.36666666
flink_operator_TumblingEventTimeWindows_throughput_in,1708025514,28006.56666666
flink_operator_TumblingEventTimeWindows_throughput_in,1708025519,26681.36666666
flink_operator_TumblingEventTimeWindows_throughput_in,1708025524,29601.083333329996
flink_operator_TumblingEventTimeWindows_throughput_in,1708025529,28781.65
flink_operator_TumblingEventTimeWindows_throughput_in,1708025534,29612.583333329996
flink_operator_TumblingEventTimeWindows_throughput_in,1708025539,29612.583333329996
flink_operator_TumblingEventTimeWindows_throughput_in,1708025544,26504
flink_operator_TumblingEventTimeWindows_throughput_in,1708025549,25867.26666666
flink_operator_TumblingEventTimeWindows_throughput_in,1708025554,25867.26666666
flink_operator_TumblingEventTimeWindows_throughput_in,1708025559,25895.63333333
flink_operator_TumblingEventTimeWindows_throughput_in,1708025564,28774.21666666
flink_operator_TumblingEventTimeWindows_throughput_in,1708025569,31887.95
flink_operator_TumblingEventTimeWindows_throughput_in,1708025574,28195.26666666
flink_operator_TumblingEventTimeWindows_throughput_in,1708025579,31428.333333329996
flink_operator_TumblingEventTimeWindows_throughput_in,1708025584,28613.88333333
flink_operator_TumblingEventTimeWindows_throughput_in,1708025589,30577.983333329998
flink_operator_TumblingEventTimeWindows_throughput_in,1708025594,24930.86666666
flink_operator_TumblingEventTimeWindows_throughput_in,1708025599,29310.91666666
flink_operator_TumblingEventTimeWindows_throughput_in,1708025604,30811.983333329998
flink_operator_TumblingEventTimeWindows_throughput_in,1708025609,29140.61666666
flink_operator_TumblingEventTimeWindows_throughput_in,1708025614,29878.9
flink_operator_TumblingEventTimeWindows_throughput_in,1708025619,29635.083333329996
flink_operator_TumblingEventTimeWindows_throughput_in,1708025624,28385.86666666
flink_operator_TumblingEventTimeWindows_throughput_in,1708025629,27593.91666666
flink_operator_TumblingEventTimeWindows_throughput_in,1708025634,27631
flink_operator_TumblingEventTimeWindows_throughput_in,1708025639,26063.16666666
flink_operator_TumblingEventTimeWindows_throughput_in,1708025644,NaN
flink_operator_TumblingEventTimeWindows_throughput_in,1708025689,0
flink_operator_TumblingEventTimeWindows_throughput_in,1708025694,0
flink_operator_TumblingEventTimeWindows_throughput_in,1708025699,2.916666666666
flink_operator_TumblingEventTimeWindows_throughput_in,1708025704,6.083333333333
flink_operator_TumblingEventTimeWindows_throughput_in,1708025709,1039
flink_operator_TumblingEventTimeWindows_throughput_in,1708025714,3319.8166666666
flink_operator_TumblingEventTimeWindows_throughput_in,1708025719,6623.86666667
flink_operator_TumblingEventTimeWindows_throughput_in,1708025724,10919.58333333
flink_operator_TumblingEventTimeWindows_throughput_in,1708025729,15407.43333333
flink_operator_TumblingEventTimeWindows_throughput_in,1708025734,21414.13333333
flink_operator_TumblingEventTimeWindows_throughput_in,1708025739,27636.66666666
flink_operator_TumblingEventTimeWindows_throughput_in,1708025744,32957.61666666
flink_operator_TumblingEventTimeWindows_throughput_in,1708025749,37287.41666666
flink_operator_TumblingEventTimeWindows_throughput_in,1708025754,41484.65
flink_operator_TumblingEventTimeWindows_throughput_in,1708025759,45664.8
flink_operator_TumblingEventTimeWindows_throughput_in,1708025764,49126.78333332999
flink_operator_TumblingEventTimeWindows_throughput_in,1708025769,53451.35
flink_operator_TumblingEventTimeWindows_throughput_in,1708025774,55583.91666666
flink_operator_TumblingEventTimeWindows_throughput_in,1708025779,55975.61666666
flink_operator_TumblingEventTimeWindows_throughput_in,1708025784,56077.583333329996
flink_operator_TumblingEventTimeWindows_throughput_in,1708025789,52586.21666666
flink_operator_TumblingEventTimeWindows_throughput_in,1708025794,47251.91666666
flink_operator_TumblingEventTimeWindows_throughput_in,1708025799,44492.56666666
flink_operator_TumblingEventTimeWindows_throughput_in,1708025804,45158.01666666
flink_operator_TumblingEventTimeWindows_throughput_in,1708025809,48816.683333329995
flink_operator_TumblingEventTimeWindows_throughput_in,1708025814,52874.1
flink_operator_TumblingEventTimeWindows_throughput_in,1708025819,52992.66666666
flink_operator_TumblingEventTimeWindows_throughput_in,1708025824,53168.11666666
flink_operator_TumblingEventTimeWindows_throughput_in,1708025829,51812.85
flink_operator_TumblingEventTimeWindows_throughput_in,1708025834,50717.3
flink_operator_TumblingEventTimeWindows_throughput_in,1708025839,50590.4
flink_operator_TumblingEventTimeWindows_throughput_in,1708025844,49720.06666666
flink_operator_TumblingEventTimeWindows_throughput_in,1708025849,50625.05
flink_operator_TumblingEventTimeWindows_throughput_in,1708025854,50823
flink_operator_TumblingEventTimeWindows_throughput_in,1708025859,52303.683333329995
flink_operator_TumblingEventTimeWindows_throughput_in,1708025864,53054.65
flink_operator_TumblingEventTimeWindows_throughput_in,1708025869,51300.06666666
flink_operator_TumblingEventTimeWindows_throughput_in,1708025874,49818.78333332999
flink_operator_TumblingEventTimeWindows_throughput_in,1708025879,49130.683333329995
flink_operator_TumblingEventTimeWindows_throughput_in,1708025884,49072.53333332999
flink_operator_TumblingEventTimeWindows_throughput_in,1708025889,50648.933333329995
flink_operator_TumblingEventTimeWindows_throughput_in,1708025894,51035.333333329996
flink_operator_TumblingEventTimeWindows_throughput_in,1708025899,52019.38333333
flink_operator_TumblingEventTimeWindows_throughput_in,1708025904,52919.15
flink_operator_TumblingEventTimeWindows_throughput_in,1708025909,52730.85
flink_operator_TumblingEventTimeWindows_throughput_in,1708025914,52297.23333333
flink_operator_TumblingEventTimeWindows_throughput_in,1708025919,50354.51666666
flink_operator_TumblingEventTimeWindows_throughput_in,1708025924,49892.95
flink_operator_TumblingEventTimeWindows_throughput_in,1708025929,50991.433333329995
flink_operator_TumblingEventTimeWindows_throughput_in,1708025934,51622.31666666
flink_operator_TumblingEventTimeWindows_throughput_in,1708025939,52535.9
flink_operator_TumblingEventTimeWindows_throughput_in,1708025944,52958.46666666
flink_operator_TumblingEventTimeWindows_throughput_in,1708025949,53855.7
flink_operator_TumblingEventTimeWindows_throughput_in,1708025954,54071.38333333
flink_operator_TumblingEventTimeWindows_throughput_in,1708025959,53317.23333333
flink_operator_TumblingEventTimeWindows_throughput_in,1708025964,53248.86666666
flink_operator_TumblingEventTimeWindows_throughput_in,1708025969,52244.91666666
flink_operator_TumblingEventTimeWindows_throughput_in,1708025974,51948.833333329996
flink_operator_TumblingEventTimeWindows_throughput_in,1708025979,53423.9
flink_operator_TumblingEventTimeWindows_throughput_in,1708025984,54360.26666666
flink_operator_TumblingEventTimeWindows_throughput_in,1708025989,53340.7
flink_operator_TumblingEventTimeWindows_throughput_in,1708025994,52211.73333333
flink_operator_TumblingEventTimeWindows_throughput_in,1708025999,53932.56666666
flink_operator_TumblingEventTimeWindows_throughput_in,1708026004,55299.36666666
flink_operator_TumblingEventTimeWindows_throughput_in,1708026009,52838.63333333
flink_operator_TumblingEventTimeWindows_throughput_in,1708026014,53678.28333332999
flink_operator_TumblingEventTimeWindows_throughput_in,1708026019,53919.433333329995
flink_operator_TumblingEventTimeWindows_throughput_in,1708026024,51865.76666666
flink_operator_TumblingEventTimeWindows_throughput_in,1708026029,52266.16666666
flink_operator_TumblingEventTimeWindows_throughput_in,1708026034,52125.51666666
flink_operator_TumblingEventTimeWindows_throughput_in,1708026039,50236.75
flink_operator_TumblingEventTimeWindows_throughput_in,1708026044,48495.03333332999
flink_operator_TumblingEventTimeWindows_throughput_in,1708026049,49017.55
flink_operator_TumblingEventTimeWindows_throughput_in,1708026054,50156.96666666
flink_operator_TumblingEventTimeWindows_throughput_in,1708026059,49989.933333329995
flink_operator_TumblingEventTimeWindows_throughput_in,1708026064,49537.61666666
flink_operator_TumblingEventTimeWindows_throughput_in,1708026069,51952.38333333
flink_operator_TumblingEventTimeWindows_throughput_in,1708026074,51437.03333332999
flink_operator_TumblingEventTimeWindows_throughput_in,1708026079,48839.96666666
flink_operator_TumblingEventTimeWindows_throughput_in,1708026084,47535.65
flink_operator_TumblingEventTimeWindows_throughput_in,1708026089,46426.03333332999
flink_operator_TumblingEventTimeWindows_throughput_in,1708026094,NaN
flink_operator_TumblingEventTimeWindows_throughput_in,1708026139,0
flink_operator_TumblingEventTimeWindows_throughput_in,1708026144,0
flink_operator_TumblingEventTimeWindows_throughput_in,1708026149,132.7166666666
flink_operator_TumblingEventTimeWindows_throughput_in,1708026154,1335.7
flink_operator_TumblingEventTimeWindows_throughput_in,1708026159,3406.96666667
flink_operator_TumblingEventTimeWindows_throughput_in,1708026164,7012.6
flink_operator_TumblingEventTimeWindows_throughput_in,1708026169,15502.55
flink_operator_TumblingEventTimeWindows_throughput_in,1708026174,25055.28333333
flink_operator_TumblingEventTimeWindows_throughput_in,1708026179,28420.18333333
flink_operator_TumblingEventTimeWindows_throughput_in,1708026184,32720.9
flink_operator_TumblingEventTimeWindows_throughput_in,1708026189,39608.23333333
flink_operator_TumblingEventTimeWindows_throughput_in,1708026194,45147.5
flink_operator_TumblingEventTimeWindows_throughput_in,1708026199,47448.63333333
flink_operator_TumblingEventTimeWindows_throughput_in,1708026204,48670.63333333
flink_operator_TumblingEventTimeWindows_throughput_in,1708026209,49055.05
flink_operator_TumblingEventTimeWindows_throughput_in,1708026214,52927.53333332999
flink_operator_TumblingEventTimeWindows_throughput_in,1708026219,58499.91666665999
flink_operator_TumblingEventTimeWindows_throughput_in,1708026224,62835.85
flink_operator_TumblingEventTimeWindows_throughput_in,1708026229,60375.566666659994
flink_operator_TumblingEventTimeWindows_throughput_in,1708026234,57455.53333332999
flink_operator_TumblingEventTimeWindows_throughput_in,1708026239,62054.16666665999
flink_operator_TumblingEventTimeWindows_throughput_in,1708026244,65644.71666666
flink_operator_TumblingEventTimeWindows_throughput_in,1708026249,64218.86666666
flink_operator_TumblingEventTimeWindows_throughput_in,1708026254,64515.51666665999
flink_operator_TumblingEventTimeWindows_throughput_in,1708026259,65635.93333333
flink_operator_TumblingEventTimeWindows_throughput_in,1708026264,65518.23333333
flink_operator_TumblingEventTimeWindows_throughput_in,1708026269,69223.11666665999
flink_operator_TumblingEventTimeWindows_throughput_in,1708026274,72065.21666666
flink_operator_TumblingEventTimeWindows_throughput_in,1708026279,73395.6
flink_operator_TumblingEventTimeWindows_throughput_in,1708026284,72394.93333333
flink_operator_TumblingEventTimeWindows_throughput_in,1708026289,75196.45
flink_operator_TumblingEventTimeWindows_throughput_in,1708026294,76704.6
flink_operator_TumblingEventTimeWindows_throughput_in,1708026299,76192.25
flink_operator_TumblingEventTimeWindows_throughput_in,1708026304,73905.35
flink_operator_TumblingEventTimeWindows_throughput_in,1708026309,74372.4
flink_operator_TumblingEventTimeWindows_throughput_in,1708026314,74893.7
flink_operator_TumblingEventTimeWindows_throughput_in,1708026319,74043.96666666
flink_operator_TumblingEventTimeWindows_throughput_in,1708026324,73494.23333332999
flink_operator_TumblingEventTimeWindows_throughput_in,1708026329,72930.6
flink_operator_TumblingEventTimeWindows_throughput_in,1708026334,73101.73333332999
flink_operator_TumblingEventTimeWindows_throughput_in,1708026339,72517.26666666
flink_operator_TumblingEventTimeWindows_throughput_in,1708026344,72846
flink_operator_TumblingEventTimeWindows_throughput_in,1708026349,71808.13333333
flink_operator_TumblingEventTimeWindows_throughput_in,1708026354,72330.45
flink_operator_TumblingEventTimeWindows_throughput_in,1708026359,72852.08333333
flink_operator_TumblingEventTimeWindows_throughput_in,1708026364,73349.91666665999
flink_operator_TumblingEventTimeWindows_throughput_in,1708026369,73779.01666666
flink_operator_TumblingEventTimeWindows_throughput_in,1708026374,70288.56666665999
flink_operator_TumblingEventTimeWindows_throughput_in,1708026379,68380.96666666
flink_operator_TumblingEventTimeWindows_throughput_in,1708026384,69842.31666665999
flink_operator_TumblingEventTimeWindows_throughput_in,1708026389,74465.66666665999
flink_operator_TumblingEventTimeWindows_throughput_in,1708026394,75317.03333333
flink_operator_TumblingEventTimeWindows_throughput_in,1708026399,73977.61666665999
flink_operator_TumblingEventTimeWindows_throughput_in,1708026404,74456.68333333
flink_operator_TumblingEventTimeWindows_throughput_in,1708026409,75189.16666665999
flink_operator_TumblingEventTimeWindows_throughput_in,1708026414,74749.66666665999
flink_operator_TumblingEventTimeWindows_throughput_in,1708026419,73022.23333332999
flink_operator_TumblingEventTimeWindows_throughput_in,1708026424,72590.13333333
flink_operator_TumblingEventTimeWindows_throughput_in,1708026429,72311.83333333
flink_operator_TumblingEventTimeWindows_throughput_in,1708026434,72812.91666665999
flink_operator_TumblingEventTimeWindows_throughput_in,1708026439,72962.48333332999
flink_operator_TumblingEventTimeWindows_throughput_in,1708026444,72036.96666666
flink_operator_TumblingEventTimeWindows_throughput_in,1708026449,71226.91666665999
flink_operator_TumblingEventTimeWindows_throughput_in,1708026454,71854.76666666
flink_operator_TumblingEventTimeWindows_throughput_in,1708026459,72922.86666665999
flink_operator_TumblingEventTimeWindows_throughput_in,1708026464,72302.35
flink_operator_TumblingEventTimeWindows_throughput_in,1708026469,71081.58333333
flink_operator_TumblingEventTimeWindows_throughput_in,1708026474,70717.88333333
flink_operator_TumblingEventTimeWindows_throughput_in,1708026479,71439.21666666
flink_operator_TumblingEventTimeWindows_throughput_in,1708026484,70482.66666665999
flink_operator_TumblingEventTimeWindows_throughput_in,1708026489,70207.96666666
flink_operator_TumblingEventTimeWindows_throughput_in,1708026494,70547.66666665999
flink_operator_TumblingEventTimeWindows_throughput_in,1708026499,70853.65
flink_operator_TumblingEventTimeWindows_throughput_in,1708026504,72190.5
flink_operator_TumblingEventTimeWindows_throughput_in,1708026509,72244.83333333
flink_operator_TumblingEventTimeWindows_throughput_in,1708026514,72530.25
flink_operator_TumblingEventTimeWindows_throughput_in,1708026519,72044.56666665999
flink_operator_TumblingEventTimeWindows_throughput_in,1708026524,72400.13333333
flink_operator_TumblingEventTimeWindows_throughput_in,1708026529,71515.75
flink_operator_TumblingEventTimeWindows_throughput_in,1708026534,70648.55
flink_operator_TumblingEventTimeWindows_throughput_in,1708026539,23116.83333333
flink_operator_TumblingEventTimeWindows_throughput_in,1708026544,3971.83333333
flink_operator_TumblingEventTimeWindows_throughput_in,1708026549,10997.16666666
flink_operator_TumblingEventTimeWindows_throughput_in,1708026554,4325.9
flink_operator_TumblingEventTimeWindows_throughput_in,1708026559,NaN
flink_operator_TumblingEventTimeWindows_throughput_in,1708026599,0
flink_operator_TumblingEventTimeWindows_throughput_in,1708026604,0
flink_operator_TumblingEventTimeWindows_throughput_in,1708026609,8.233333333333
flink_operator_TumblingEventTimeWindows_throughput_in,1708026614,504.5166666666
flink_operator_TumblingEventTimeWindows_throughput_in,1708026619,4410.7
flink_operator_TumblingEventTimeWindows_throughput_in,1708026624,13112.96666666
flink_operator_TumblingEventTimeWindows_throughput_in,1708026629,22578
flink_operator_TumblingEventTimeWindows_throughput_in,1708026634,29979.95
flink_operator_TumblingEventTimeWindows_throughput_in,1708026639,36562.53333332999
flink_operator_TumblingEventTimeWindows_throughput_in,1708026644,42821.15
flink_operator_TumblingEventTimeWindows_throughput_in,1708026649,49484.46666666
flink_operator_TumblingEventTimeWindows_throughput_in,1708026654,56317.083333329996
flink_operator_TumblingEventTimeWindows_throughput_in,1708026659,63085.55
flink_operator_TumblingEventTimeWindows_throughput_in,1708026664,69672.9
flink_operator_TumblingEventTimeWindows_throughput_in,1708026669,74246.93333333
flink_operator_TumblingEventTimeWindows_throughput_in,1708026674,75166.06666665999
flink_operator_TumblingEventTimeWindows_throughput_in,1708026679,72147.03333333
flink_operator_TumblingEventTimeWindows_throughput_in,1708026684,71108.38333333
flink_operator_TumblingEventTimeWindows_throughput_in,1708026689,71389.41666665999
flink_operator_TumblingEventTimeWindows_throughput_in,1708026694,73660.48333332999
flink_operator_TumblingEventTimeWindows_throughput_in,1708026699,74417.18333333
flink_operator_TumblingEventTimeWindows_throughput_in,1708026704,75253.73333332999
flink_operator_TumblingEventTimeWindows_throughput_in,1708026709,75327.95
flink_operator_TumblingEventTimeWindows_throughput_in,1708026714,76365.68333333
flink_operator_TumblingEventTimeWindows_throughput_in,1708026719,78238.01666666
flink_operator_TumblingEventTimeWindows_throughput_in,1708026724,78795.6
flink_operator_TumblingEventTimeWindows_throughput_in,1708026729,75823
flink_operator_TumblingEventTimeWindows_throughput_in,1708026734,78359.33333333
flink_operator_TumblingEventTimeWindows_throughput_in,1708026739,87183.23333332999
flink_operator_TumblingEventTimeWindows_throughput_in,1708026744,91195.2
flink_operator_TumblingEventTimeWindows_throughput_in,1708026749,90605.91666665999
flink_operator_TumblingEventTimeWindows_throughput_in,1708026754,87519.78333333
flink_operator_TumblingEventTimeWindows_throughput_in,1708026759,86999.68333333
flink_operator_TumblingEventTimeWindows_throughput_in,1708026764,86520.45
flink_operator_TumblingEventTimeWindows_throughput_in,1708026769,86863.28333333
flink_operator_TumblingEventTimeWindows_throughput_in,1708026774,85932.25
flink_operator_TumblingEventTimeWindows_throughput_in,1708026779,84937.58333333
flink_operator_TumblingEventTimeWindows_throughput_in,1708026784,86158.05
flink_operator_TumblingEventTimeWindows_throughput_in,1708026789,86541.35
flink_operator_TumblingEventTimeWindows_throughput_in,1708026794,88445.08333333
flink_operator_TumblingEventTimeWindows_throughput_in,1708026799,88500.2
flink_operator_TumblingEventTimeWindows_throughput_in,1708026804,87257.83333333
flink_operator_TumblingEventTimeWindows_throughput_in,1708026809,85689.9
flink_operator_TumblingEventTimeWindows_throughput_in,1708026814,86022.11666665999
flink_operator_TumblingEventTimeWindows_throughput_in,1708026819,85757.25
flink_operator_TumblingEventTimeWindows_throughput_in,1708026824,87317.91666665999
flink_operator_TumblingEventTimeWindows_throughput_in,1708026829,88979.06666665999
flink_operator_TumblingEventTimeWindows_throughput_in,1708026834,89986.6
flink_operator_TumblingEventTimeWindows_throughput_in,1708026839,90271.98333332999
flink_operator_TumblingEventTimeWindows_throughput_in,1708026844,88996.38333333
flink_operator_TumblingEventTimeWindows_throughput_in,1708026849,90218.85
flink_operator_TumblingEventTimeWindows_throughput_in,1708026854,86771.75
flink_operator_TumblingEventTimeWindows_throughput_in,1708026859,86524.88333333
flink_operator_TumblingEventTimeWindows_throughput_in,1708026864,86737.7
flink_operator_TumblingEventTimeWindows_throughput_in,1708026869,89239.8
flink_operator_TumblingEventTimeWindows_throughput_in,1708026874,89537.63333333
flink_operator_TumblingEventTimeWindows_throughput_in,1708026879,90878.01666666
flink_operator_TumblingEventTimeWindows_throughput_in,1708026884,89739.6
flink_operator_TumblingEventTimeWindows_throughput_in,1708026889,88126.6
flink_operator_TumblingEventTimeWindows_throughput_in,1708026894,89564.96666666
flink_operator_TumblingEventTimeWindows_throughput_in,1708026899,90031.41666665999
flink_operator_TumblingEventTimeWindows_throughput_in,1708026904,89988.2
flink_operator_TumblingEventTimeWindows_throughput_in,1708026909,89079.21666666
flink_operator_TumblingEventTimeWindows_throughput_in,1708026914,90664.43333333
flink_operator_TumblingEventTimeWindows_throughput_in,1708026919,90374
flink_operator_TumblingEventTimeWindows_throughput_in,1708026924,90587.88333333
flink_operator_TumblingEventTimeWindows_throughput_in,1708026929,89043.23333332999
flink_operator_TumblingEventTimeWindows_throughput_in,1708026934,90723.36666665999
flink_operator_TumblingEventTimeWindows_throughput_in,1708026939,91118.73333332999
flink_operator_TumblingEventTimeWindows_throughput_in,1708026944,92445.25
flink_operator_TumblingEventTimeWindows_throughput_in,1708026949,90882.73333332999
flink_operator_TumblingEventTimeWindows_throughput_in,1708026954,88849.91666665999
flink_operator_TumblingEventTimeWindows_throughput_in,1708026959,87888.85
flink_operator_TumblingEventTimeWindows_throughput_in,1708026964,87616.53333333
flink_operator_TumblingEventTimeWindows_throughput_in,1708026969,88628.93333333
flink_operator_TumblingEventTimeWindows_throughput_in,1708026974,87563.31666665999
flink_operator_TumblingEventTimeWindows_throughput_in,1708026979,87855.6
flink_operator_TumblingEventTimeWindows_throughput_in,1708026984,88663.2
flink_operator_TumblingEventTimeWindows_throughput_in,1708026989,91983.1
flink_operator_TumblingEventTimeWindows_throughput_in,1708026994,92038.3
flink_operator_TumblingEventTimeWindows_throughput_in,1708026999,44182.15
flink_operator_TumblingEventTimeWindows_throughput_in,1708027004,NaN
flink_operator_TumblingEventTimeWindows_throughput_in,1708027049,0
flink_operator_TumblingEventTimeWindows_throughput_in,1708027054,0
flink_operator_TumblingEventTimeWindows_throughput_in,1708027059,2.383333333333
flink_operator_TumblingEventTimeWindows_throughput_in,1708027064,590.8333333333
flink_operator_TumblingEventTimeWindows_throughput_in,1708027069,2468.9833333333
flink_operator_TumblingEventTimeWindows_throughput_in,1708027074,10000.56666666
flink_operator_TumblingEventTimeWindows_throughput_in,1708027079,20188.11666666
flink_operator_TumblingEventTimeWindows_throughput_in,1708027084,27814.3
flink_operator_TumblingEventTimeWindows_throughput_in,1708027089,35287.3
flink_operator_TumblingEventTimeWindows_throughput_in,1708027094,47383.433333329995
flink_operator_TumblingEventTimeWindows_throughput_in,1708027099,54930.75
flink_operator_TumblingEventTimeWindows_throughput_in,1708027104,61856.76666665999
flink_operator_TumblingEventTimeWindows_throughput_in,1708027109,70373.26666666
flink_operator_TumblingEventTimeWindows_throughput_in,1708027114,79498.15
flink_operator_TumblingEventTimeWindows_throughput_in,1708027119,87402.31666665999
flink_operator_TumblingEventTimeWindows_throughput_in,1708027124,93431.61666665999
flink_operator_TumblingEventTimeWindows_throughput_in,1708027129,99458.61666665999
flink_operator_TumblingEventTimeWindows_throughput_in,1708027134,99451.31666665999
flink_operator_TumblingEventTimeWindows_throughput_in,1708027139,100277.63333333
flink_operator_TumblingEventTimeWindows_throughput_in,1708027144,98217.98333332999
flink_operator_TumblingEventTimeWindows_throughput_in,1708027149,89999.9
flink_operator_TumblingEventTimeWindows_throughput_in,1708027154,91027.96666666
flink_operator_TumblingEventTimeWindows_throughput_in,1708027159,92748.43333333
flink_operator_TumblingEventTimeWindows_throughput_in,1708027164,99373.28333333
flink_operator_TumblingEventTimeWindows_throughput_in,1708027169,105738.05
flink_operator_TumblingEventTimeWindows_throughput_in,1708027174,106489.36666665999
flink_operator_TumblingEventTimeWindows_throughput_in,1708027179,107618.53333333
flink_operator_TumblingEventTimeWindows_throughput_in,1708027184,110373.96666666
flink_operator_TumblingEventTimeWindows_throughput_in,1708027189,112678.85
flink_operator_TumblingEventTimeWindows_throughput_in,1708027194,117265.1
flink_operator_TumblingEventTimeWindows_throughput_in,1708027199,114168.81666665999
flink_operator_TumblingEventTimeWindows_throughput_in,1708027204,112680.83333333
flink_operator_TumblingEventTimeWindows_throughput_in,1708027209,112248.41666665999
flink_operator_TumblingEventTimeWindows_throughput_in,1708027214,106632.33333333
flink_operator_TumblingEventTimeWindows_throughput_in,1708027219,106278.26666666
flink_operator_TumblingEventTimeWindows_throughput_in,1708027224,106388.53333333
flink_operator_TumblingEventTimeWindows_throughput_in,1708027229,106447.66666665999
flink_operator_TumblingEventTimeWindows_throughput_in,1708027234,111017.08333333
flink_operator_TumblingEventTimeWindows_throughput_in,1708027239,111780.71666666
flink_operator_TumblingEventTimeWindows_throughput_in,1708027244,111811.93333333
flink_operator_TumblingEventTimeWindows_throughput_in,1708027249,112023.65
flink_operator_TumblingEventTimeWindows_throughput_in,1708027254,110298.68333333
flink_operator_TumblingEventTimeWindows_throughput_in,1708027259,109273.4
flink_operator_TumblingEventTimeWindows_throughput_in,1708027264,109062.96666666
flink_operator_TumblingEventTimeWindows_throughput_in,1708027269,108813.63333333
flink_operator_TumblingEventTimeWindows_throughput_in,1708027274,110572.7
flink_operator_TumblingEventTimeWindows_throughput_in,1708027279,111364.6
flink_operator_TumblingEventTimeWindows_throughput_in,1708027284,111694.38333333
flink_operator_TumblingEventTimeWindows_throughput_in,1708027289,112069.71666666
flink_operator_TumblingEventTimeWindows_throughput_in,1708027294,109003.38333333
flink_operator_TumblingEventTimeWindows_throughput_in,1708027299,108496.21666666
flink_operator_TumblingEventTimeWindows_throughput_in,1708027304,109056.93333333
flink_operator_TumblingEventTimeWindows_throughput_in,1708027309,110638.31666665999
flink_operator_TumblingEventTimeWindows_throughput_in,1708027314,112596.18333333
flink_operator_TumblingEventTimeWindows_throughput_in,1708027319,111530.41666665999
flink_operator_TumblingEventTimeWindows_throughput_in,1708027324,112002.5
flink_operator_TumblingEventTimeWindows_throughput_in,1708027329,112572.35
flink_operator_TumblingEventTimeWindows_throughput_in,1708027334,108402.66666665999
flink_operator_TumblingEventTimeWindows_throughput_in,1708027339,106288.95
flink_operator_TumblingEventTimeWindows_throughput_in,1708027344,107122.86666665999
flink_operator_TumblingEventTimeWindows_throughput_in,1708027349,107761.05
flink_operator_TumblingEventTimeWindows_throughput_in,1708027354,108873.13333333
flink_operator_TumblingEventTimeWindows_throughput_in,1708027359,110101.98333332999
flink_operator_TumblingEventTimeWindows_throughput_in,1708027364,109803.01666666
flink_operator_TumblingEventTimeWindows_throughput_in,1708027369,107872.7
flink_operator_TumblingEventTimeWindows_throughput_in,1708027374,105620.46666666
flink_operator_TumblingEventTimeWindows_throughput_in,1708027379,103218.11666665999
flink_operator_TumblingEventTimeWindows_throughput_in,1708027384,98870.63333333
flink_operator_TumblingEventTimeWindows_throughput_in,1708027389,99916.96666666
flink_operator_TumblingEventTimeWindows_throughput_in,1708027394,108740.26666666
flink_operator_TumblingEventTimeWindows_throughput_in,1708027399,111305.73333332999
flink_operator_TumblingEventTimeWindows_throughput_in,1708027404,111299.26666666
flink_operator_TumblingEventTimeWindows_throughput_in,1708027409,110238.63333333
flink_operator_TumblingEventTimeWindows_throughput_in,1708027414,106977.88333333
flink_operator_TumblingEventTimeWindows_throughput_in,1708027419,106013.31666665999
flink_operator_TumblingEventTimeWindows_throughput_in,1708027424,105403.55
flink_operator_TumblingEventTimeWindows_throughput_in,1708027429,105048.61666665999
flink_operator_TumblingEventTimeWindows_throughput_in,1708027434,106187.26666666
flink_operator_TumblingEventTimeWindows_throughput_in,1708027439,107133.11666665999
flink_operator_TumblingEventTimeWindows_throughput_in,1708027444,107455.05
flink_operator_TumblingEventTimeWindows_throughput_in,1708027449,21707.93333333
flink_operator_TumblingEventTimeWindows_throughput_in,1708027454,NaN
flink_operator_TumblingEventTimeWindows_throughput_in,1708027499,0
flink_operator_TumblingEventTimeWindows_throughput_in,1708027504,119.1333333333
flink_operator_TumblingEventTimeWindows_throughput_in,1708027509,1493.8833333333
flink_operator_TumblingEventTimeWindows_throughput_in,1708027514,5694.11666667
flink_operator_TumblingEventTimeWindows_throughput_in,1708027519,12915
flink_operator_TumblingEventTimeWindows_throughput_in,1708027524,22992.45
flink_operator_TumblingEventTimeWindows_throughput_in,1708027529,30911.61666666
flink_operator_TumblingEventTimeWindows_throughput_in,1708027534,35931.683333329995
flink_operator_TumblingEventTimeWindows_throughput_in,1708027539,42255.38333333
flink_operator_TumblingEventTimeWindows_throughput_in,1708027544,48297.01666666
flink_operator_TumblingEventTimeWindows_throughput_in,1708027549,55764.45
flink_operator_TumblingEventTimeWindows_throughput_in,1708027554,64363.05
flink_operator_TumblingEventTimeWindows_throughput_in,1708027559,71289.08333333
flink_operator_TumblingEventTimeWindows_throughput_in,1708027564,81599.86666665999
flink_operator_TumblingEventTimeWindows_throughput_in,1708027569,88179.28333333
flink_operator_TumblingEventTimeWindows_throughput_in,1708027574,91569.71666666
flink_operator_TumblingEventTimeWindows_throughput_in,1708027579,93125.28333333
flink_operator_TumblingEventTimeWindows_throughput_in,1708027584,91789.01666666
flink_operator_TumblingEventTimeWindows_throughput_in,1708027589,93462.83333333
flink_operator_TumblingEventTimeWindows_throughput_in,1708027594,95605.5
flink_operator_TumblingEventTimeWindows_throughput_in,1708027599,97196.85
flink_operator_TumblingEventTimeWindows_throughput_in,1708027604,100620.4
flink_operator_TumblingEventTimeWindows_throughput_in,1708027609,102519.86666665999
flink_operator_TumblingEventTimeWindows_throughput_in,1708027614,104640.26666666
flink_operator_TumblingEventTimeWindows_throughput_in,1708027619,106052.16666665999
flink_operator_TumblingEventTimeWindows_throughput_in,1708027624,106563.45
flink_operator_TumblingEventTimeWindows_throughput_in,1708027629,109890.63333333
flink_operator_TumblingEventTimeWindows_throughput_in,1708027634,111773.68333333
flink_operator_TumblingEventTimeWindows_throughput_in,1708027639,112577.15
flink_operator_TumblingEventTimeWindows_throughput_in,1708027644,112187.4
flink_operator_TumblingEventTimeWindows_throughput_in,1708027649,112029.06666665999
flink_operator_TumblingEventTimeWindows_throughput_in,1708027654,112361.61666665999
flink_operator_TumblingEventTimeWindows_throughput_in,1708027659,113888.98333332999
flink_operator_TumblingEventTimeWindows_throughput_in,1708027664,113764.73333332999
flink_operator_TumblingEventTimeWindows_throughput_in,1708027669,112682
flink_operator_TumblingEventTimeWindows_throughput_in,1708027674,111786.01666666
flink_operator_TumblingEventTimeWindows_throughput_in,1708027679,115167.16666665999
flink_operator_TumblingEventTimeWindows_throughput_in,1708027684,117269.55
flink_operator_TumblingEventTimeWindows_throughput_in,1708027689,115782.83333333
flink_operator_TumblingEventTimeWindows_throughput_in,1708027694,112944.95
flink_operator_TumblingEventTimeWindows_throughput_in,1708027699,112969.35
flink_operator_TumblingEventTimeWindows_throughput_in,1708027704,114251.86666665999
flink_operator_TumblingEventTimeWindows_throughput_in,1708027709,114264.8
flink_operator_TumblingEventTimeWindows_throughput_in,1708027714,114438.3
flink_operator_TumblingEventTimeWindows_throughput_in,1708027719,114087.8
flink_operator_TumblingEventTimeWindows_throughput_in,1708027724,114126.6
flink_operator_TumblingEventTimeWindows_throughput_in,1708027729,115041.15
flink_operator_TumblingEventTimeWindows_throughput_in,1708027734,115353.28333333
flink_operator_TumblingEventTimeWindows_throughput_in,1708027739,115242.5
flink_operator_TumblingEventTimeWindows_throughput_in,1708027744,115371.3
flink_operator_TumblingEventTimeWindows_throughput_in,1708027749,114508.45
flink_operator_TumblingEventTimeWindows_throughput_in,1708027754,117084.86666665999
flink_operator_TumblingEventTimeWindows_throughput_in,1708027759,118104.9
flink_operator_TumblingEventTimeWindows_throughput_in,1708027764,118110.5
flink_operator_TumblingEventTimeWindows_throughput_in,1708027769,117028.53333333
flink_operator_TumblingEventTimeWindows_throughput_in,1708027774,118626.7
flink_operator_TumblingEventTimeWindows_throughput_in,1708027779,117706.96666666
flink_operator_TumblingEventTimeWindows_throughput_in,1708027784,117794.11666665999
flink_operator_TumblingEventTimeWindows_throughput_in,1708027789,118540.61666665999
flink_operator_TumblingEventTimeWindows_throughput_in,1708027794,117128.78333333
flink_operator_TumblingEventTimeWindows_throughput_in,1708027799,116269.58333333
flink_operator_TumblingEventTimeWindows_throughput_in,1708027804,115273.58333333
flink_operator_TumblingEventTimeWindows_throughput_in,1708027809,113735.58333333
flink_operator_TumblingEventTimeWindows_throughput_in,1708027814,110598.86666665999
flink_operator_TumblingEventTimeWindows_throughput_in,1708027819,109300
flink_operator_TumblingEventTimeWindows_throughput_in,1708027824,109743.75
flink_operator_TumblingEventTimeWindows_throughput_in,1708027829,110000.58333333
flink_operator_TumblingEventTimeWindows_throughput_in,1708027834,110849.93333333
flink_operator_TumblingEventTimeWindows_throughput_in,1708027839,112590.1
flink_operator_TumblingEventTimeWindows_throughput_in,1708027844,111546.03333333
flink_operator_TumblingEventTimeWindows_throughput_in,1708027849,111124.83333333
flink_operator_TumblingEventTimeWindows_throughput_in,1708027854,111545.1
flink_operator_TumblingEventTimeWindows_throughput_in,1708027859,112069.4
flink_operator_TumblingEventTimeWindows_throughput_in,1708027864,111640.95
flink_operator_TumblingEventTimeWindows_throughput_in,1708027869,113555.85
flink_operator_TumblingEventTimeWindows_throughput_in,1708027874,115205.21666666
flink_operator_TumblingEventTimeWindows_throughput_in,1708027879,113239.8
flink_operator_TumblingEventTimeWindows_throughput_in,1708027884,112234.1
flink_operator_TumblingEventTimeWindows_throughput_in,1708027889,110814.48333332999
flink_operator_TumblingEventTimeWindows_throughput_in,1708027894,108062.55
flink_operator_TumblingEventTimeWindows_throughput_in,1708027899,NaN
flink_operator_TumblingEventTimeWindows_throughput_in,1708027944,0
flink_operator_TumblingEventTimeWindows_throughput_in,1708027949,0
flink_operator_TumblingEventTimeWindows_throughput_in,1708027954,210.8
flink_operator_TumblingEventTimeWindows_throughput_in,1708027959,1352.8333333333
flink_operator_TumblingEventTimeWindows_throughput_in,1708027964,5337.4
flink_operator_TumblingEventTimeWindows_throughput_in,1708027969,14621.95
flink_operator_TumblingEventTimeWindows_throughput_in,1708027974,25731.26666666
flink_operator_TumblingEventTimeWindows_throughput_in,1708027979,38141.13333333
flink_operator_TumblingEventTimeWindows_throughput_in,1708027984,50464.28333332999
flink_operator_TumblingEventTimeWindows_throughput_in,1708027989,57213.683333329995
flink_operator_TumblingEventTimeWindows_throughput_in,1708027994,61000.8
flink_operator_TumblingEventTimeWindows_throughput_in,1708027999,68494.4
flink_operator_TumblingEventTimeWindows_throughput_in,1708028004,77079.2
flink_operator_TumblingEventTimeWindows_throughput_in,1708028009,85777.76666666
flink_operator_TumblingEventTimeWindows_throughput_in,1708028014,95019.8
flink_operator_TumblingEventTimeWindows_throughput_in,1708028019,104023.58333333
flink_operator_TumblingEventTimeWindows_throughput_in,1708028024,110425.2
flink_operator_TumblingEventTimeWindows_throughput_in,1708028029,106039.31666665999
flink_operator_TumblingEventTimeWindows_throughput_in,1708028034,98604.35
flink_operator_TumblingEventTimeWindows_throughput_in,1708028039,98854.08333333
flink_operator_TumblingEventTimeWindows_throughput_in,1708028044,100549.15
flink_operator_TumblingEventTimeWindows_throughput_in,1708028049,104502.51666666
flink_operator_TumblingEventTimeWindows_throughput_in,1708028054,111626.41666665999
flink_operator_TumblingEventTimeWindows_throughput_in,1708028059,116482.15
flink_operator_TumblingEventTimeWindows_throughput_in,1708028064,120255.08333333
flink_operator_TumblingEventTimeWindows_throughput_in,1708028069,123173.38333333
flink_operator_TumblingEventTimeWindows_throughput_in,1708028074,125843.36666665999
flink_operator_TumblingEventTimeWindows_throughput_in,1708028079,127155.86666665999
flink_operator_TumblingEventTimeWindows_throughput_in,1708028084,127644.65
flink_operator_TumblingEventTimeWindows_throughput_in,1708028089,127532.28333333
flink_operator_TumblingEventTimeWindows_throughput_in,1708028094,128425.86666665999
flink_operator_TumblingEventTimeWindows_throughput_in,1708028099,128408.3
flink_operator_TumblingEventTimeWindows_throughput_in,1708028104,128958.13333333
flink_operator_TumblingEventTimeWindows_throughput_in,1708028109,128192.58333333
flink_operator_TumblingEventTimeWindows_throughput_in,1708028114,126841.25
flink_operator_TumblingEventTimeWindows_throughput_in,1708028119,128336.56666665999
flink_operator_TumblingEventTimeWindows_throughput_in,1708028124,128235
flink_operator_TumblingEventTimeWindows_throughput_in,1708028129,128166.05
flink_operator_TumblingEventTimeWindows_throughput_in,1708028134,127555.68333333
flink_operator_TumblingEventTimeWindows_throughput_in,1708028139,126633.1
flink_operator_TumblingEventTimeWindows_throughput_in,1708028144,127365.55
flink_operator_TumblingEventTimeWindows_throughput_in,1708028149,126785.26666666
flink_operator_TumblingEventTimeWindows_throughput_in,1708028154,125600.43333333
flink_operator_TumblingEventTimeWindows_throughput_in,1708028159,125169.73333333
flink_operator_TumblingEventTimeWindows_throughput_in,1708028164,127277.83333333
flink_operator_TumblingEventTimeWindows_throughput_in,1708028169,126948.38333333
flink_operator_TumblingEventTimeWindows_throughput_in,1708028174,125429.16666666
flink_operator_TumblingEventTimeWindows_throughput_in,1708028179,122470.83333333
flink_operator_TumblingEventTimeWindows_throughput_in,1708028184,123480.31666666
flink_operator_TumblingEventTimeWindows_throughput_in,1708028189,122641.6
flink_operator_TumblingEventTimeWindows_throughput_in,1708028194,122440.41666666
flink_operator_TumblingEventTimeWindows_throughput_in,1708028199,123331.78333333
flink_operator_TumblingEventTimeWindows_throughput_in,1708028204,122527.61666666
flink_operator_TumblingEventTimeWindows_throughput_in,1708028209,122531.15
flink_operator_TumblingEventTimeWindows_throughput_in,1708028214,127577.11666666
flink_operator_TumblingEventTimeWindows_throughput_in,1708028219,130944.11666666
flink_operator_TumblingEventTimeWindows_throughput_in,1708028224,130077.4
flink_operator_TumblingEventTimeWindows_throughput_in,1708028229,129817.85
flink_operator_TumblingEventTimeWindows_throughput_in,1708028234,132401.95
flink_operator_TumblingEventTimeWindows_throughput_in,1708028239,131502.03333333
flink_operator_TumblingEventTimeWindows_throughput_in,1708028244,131046.43333333
flink_operator_TumblingEventTimeWindows_throughput_in,1708028249,131659.88333333
flink_operator_TumblingEventTimeWindows_throughput_in,1708028254,131212.46666666
flink_operator_TumblingEventTimeWindows_throughput_in,1708028259,130310.06666666
flink_operator_TumblingEventTimeWindows_throughput_in,1708028264,132554.83333333
flink_operator_TumblingEventTimeWindows_throughput_in,1708028269,133570.01666666
flink_operator_TumblingEventTimeWindows_throughput_in,1708028274,126559.36666666
flink_operator_TumblingEventTimeWindows_throughput_in,1708028279,118739.03333333
flink_operator_TumblingEventTimeWindows_throughput_in,1708028284,118974.65
flink_operator_TumblingEventTimeWindows_throughput_in,1708028289,120895.76666666
flink_operator_TumblingEventTimeWindows_throughput_in,1708028294,122930.78333333
flink_operator_TumblingEventTimeWindows_throughput_in,1708028299,124873.3
flink_operator_TumblingEventTimeWindows_throughput_in,1708028304,124357.11666666
flink_operator_TumblingEventTimeWindows_throughput_in,1708028309,123649.55
flink_operator_TumblingEventTimeWindows_throughput_in,1708028314,122586.21666666
flink_operator_TumblingEventTimeWindows_throughput_in,1708028319,125517.7
flink_operator_TumblingEventTimeWindows_throughput_in,1708028324,117617.48333333
flink_operator_TumblingEventTimeWindows_throughput_in,1708028329,117118.16666666
flink_operator_TumblingEventTimeWindows_throughput_in,1708028334,127096.26666666
flink_operator_TumblingEventTimeWindows_throughput_in,1708028339,134326.65
flink_operator_TumblingEventTimeWindows_throughput_in,1708028344,131784.41666666
flink_operator_TumblingEventTimeWindows_throughput_in,1708028349,129489.91666666
flink_operator_TumblingEventTimeWindows_throughput_in,1708028354,126093.05
flink_operator_TumblingEventTimeWindows_throughput_in,1708028359,126119.66666666
flink_operator_TumblingEventTimeWindows_throughput_in,1708028364,126422.03333333
flink_operator_TumblingEventTimeWindows_throughput_in,1708028369,128789.63333333
flink_operator_TumblingEventTimeWindows_throughput_in,1708028374,129342.23333333
flink_operator_TumblingEventTimeWindows_throughput_in,1708028379,129858.4
flink_operator_TumblingEventTimeWindows_throughput_in,1708028384,130271.1
flink_operator_TumblingEventTimeWindows_throughput_in,1708028389,130121.1
flink_operator_TumblingEventTimeWindows_throughput_in,1708028394,131713.96666666
flink_operator_TumblingEventTimeWindows_throughput_in,1708028399,132033.4
flink_operator_TumblingEventTimeWindows_throughput_in,1708028404,133857.6
flink_operator_TumblingEventTimeWindows_throughput_in,1708028409,133697.38333333
flink_operator_TumblingEventTimeWindows_throughput_in,1708028414,133083.98333333
flink_operator_TumblingEventTimeWindows_throughput_in,1708028419,131636.28333333
flink_operator_TumblingEventTimeWindows_throughput_in,1708028424,132109.55
flink_operator_TumblingEventTimeWindows_throughput_in,1708028429,129838.08333333
flink_operator_TumblingEventTimeWindows_throughput_in,1708028434,130093.21666666
flink_operator_TumblingEventTimeWindows_throughput_in,1708028439,126259.26666666
flink_operator_TumblingEventTimeWindows_throughput_in,1708028444,125335.28333333
flink_operator_TumblingEventTimeWindows_throughput_in,1708028449,128892.85
flink_operator_TumblingEventTimeWindows_throughput_in,1708028454,130052.55
flink_operator_TumblingEventTimeWindows_throughput_in,1708028459,129477.86666665999
flink_operator_TumblingEventTimeWindows_throughput_in,1708028464,55187.98333333
flink_operator_TumblingEventTimeWindows_throughput_in,1708028469,NaN
flink_operator_TumblingEventTimeWindows_throughput_in,1708028514,0
flink_operator_TumblingEventTimeWindows_throughput_in,1708028519,0
flink_operator_TumblingEventTimeWindows_throughput_in,1708028524,7.6
flink_operator_TumblingEventTimeWindows_throughput_in,1708028529,54.1666666667
flink_operator_TumblingEventTimeWindows_throughput_in,1708028534,3405.65
flink_operator_TumblingEventTimeWindows_throughput_in,1708028539,12026.75
flink_operator_TumblingEventTimeWindows_throughput_in,1708028544,21889.38333333
flink_operator_TumblingEventTimeWindows_throughput_in,1708028549,26494.53333333
flink_operator_TumblingEventTimeWindows_throughput_in,1708028554,32637.31666666
flink_operator_TumblingEventTimeWindows_throughput_in,1708028559,39985.75
flink_operator_TumblingEventTimeWindows_throughput_in,1708028564,47375.88333333
flink_operator_TumblingEventTimeWindows_throughput_in,1708028569,60204.333333329996
flink_operator_TumblingEventTimeWindows_throughput_in,1708028574,70048.86666665999
flink_operator_TumblingEventTimeWindows_throughput_in,1708028579,78104.98333332999
flink_operator_TumblingEventTimeWindows_throughput_in,1708028584,85524.38333333
flink_operator_TumblingEventTimeWindows_throughput_in,1708028589,94889.38333333
flink_operator_TumblingEventTimeWindows_throughput_in,1708028594,100816.81666665999
flink_operator_TumblingEventTimeWindows_throughput_in,1708028599,100527.11666666
flink_operator_TumblingEventTimeWindows_throughput_in,1708028604,99494.96666666
flink_operator_TumblingEventTimeWindows_throughput_in,1708028609,103896.21666666
flink_operator_TumblingEventTimeWindows_throughput_in,1708028614,108941.45
flink_operator_TumblingEventTimeWindows_throughput_in,1708028619,110668.6
flink_operator_TumblingEventTimeWindows_throughput_in,1708028624,113239.8
flink_operator_TumblingEventTimeWindows_throughput_in,1708028629,113052.85
flink_operator_TumblingEventTimeWindows_throughput_in,1708028634,113314.86666666
flink_operator_TumblingEventTimeWindows_throughput_in,1708028639,117009.23333333
flink_operator_TumblingEventTimeWindows_throughput_in,1708028644,121098.95
flink_operator_TumblingEventTimeWindows_throughput_in,1708028649,122236.03333333
flink_operator_TumblingEventTimeWindows_throughput_in,1708028654,123452.93333333
flink_operator_TumblingEventTimeWindows_throughput_in,1708028659,126037.86666666
flink_operator_TumblingEventTimeWindows_throughput_in,1708028664,125987.31666666
flink_operator_TumblingEventTimeWindows_throughput_in,1708028669,125873.8
flink_operator_TumblingEventTimeWindows_throughput_in,1708028674,124945.55
flink_operator_TumblingEventTimeWindows_throughput_in,1708028679,127245.31666666
flink_operator_TumblingEventTimeWindows_throughput_in,1708028684,130503.73333333
flink_operator_TumblingEventTimeWindows_throughput_in,1708028689,128652.03333333
flink_operator_TumblingEventTimeWindows_throughput_in,1708028694,129183.83333333
flink_operator_TumblingEventTimeWindows_throughput_in,1708028699,129124.53333333
flink_operator_TumblingEventTimeWindows_throughput_in,1708028704,128107.15
flink_operator_TumblingEventTimeWindows_throughput_in,1708028709,129897
flink_operator_TumblingEventTimeWindows_throughput_in,1708028714,129240.4
flink_operator_TumblingEventTimeWindows_throughput_in,1708028719,130198.2
flink_operator_TumblingEventTimeWindows_throughput_in,1708028724,132188.75
flink_operator_TumblingEventTimeWindows_throughput_in,1708028729,133389.51666666
flink_operator_TumblingEventTimeWindows_throughput_in,1708028734,134890.38333333
flink_operator_TumblingEventTimeWindows_throughput_in,1708028739,134387.56666666
flink_operator_TumblingEventTimeWindows_throughput_in,1708028744,130504.45
flink_operator_TumblingEventTimeWindows_throughput_in,1708028749,130179.13333333
flink_operator_TumblingEventTimeWindows_throughput_in,1708028754,130107.13333333
flink_operator_TumblingEventTimeWindows_throughput_in,1708028759,128575.1
flink_operator_TumblingEventTimeWindows_throughput_in,1708028764,128733.31666666
flink_operator_TumblingEventTimeWindows_throughput_in,1708028769,126917.23333333
flink_operator_TumblingEventTimeWindows_throughput_in,1708028774,127385.65
flink_operator_TumblingEventTimeWindows_throughput_in,1708028779,126908.7
flink_operator_TumblingEventTimeWindows_throughput_in,1708028784,124865.3
flink_operator_TumblingEventTimeWindows_throughput_in,1708028789,123797.25
flink_operator_TumblingEventTimeWindows_throughput_in,1708028794,121430.81666666
flink_operator_TumblingEventTimeWindows_throughput_in,1708028799,122881.81666666
flink_operator_TumblingEventTimeWindows_throughput_in,1708028804,127904.56666666
flink_operator_TumblingEventTimeWindows_throughput_in,1708028809,128950.75
flink_operator_TumblingEventTimeWindows_throughput_in,1708028814,129038.41666666
flink_operator_TumblingEventTimeWindows_throughput_in,1708028819,129125.73333333
flink_operator_TumblingEventTimeWindows_throughput_in,1708028824,128839.18333333
flink_operator_TumblingEventTimeWindows_throughput_in,1708028829,129642.45
flink_operator_TumblingEventTimeWindows_throughput_in,1708028834,131446.26666666
flink_operator_TumblingEventTimeWindows_throughput_in,1708028839,131034.95
flink_operator_TumblingEventTimeWindows_throughput_in,1708028844,132079.88333333
