flink_operator_TumblingEventTimeWindows_parallelism,1708175154,1
flink_operator_TumblingEventTimeWindows_parallelism,1708175159,1
flink_operator_TumblingEventTimeWindows_parallelism,1708175164,1
flink_operator_TumblingEventTimeWindows_parallelism,1708175169,1
flink_operator_TumblingEventTimeWindows_parallelism,1708175174,1
flink_operator_TumblingEventTimeWindows_parallelism,1708175179,1
flink_operator_TumblingEventTimeWindows_parallelism,1708175184,1
flink_operator_TumblingEventTimeWindows_parallelism,1708175189,1
flink_operator_TumblingEventTimeWindows_parallelism,1708175194,1
flink_operator_TumblingEventTimeWindows_parallelism,1708175199,1
flink_operator_TumblingEventTimeWindows_parallelism,1708175204,1
flink_operator_TumblingEventTimeWindows_parallelism,1708175209,1
flink_operator_TumblingEventTimeWindows_parallelism,1708175214,1
flink_operator_TumblingEventTimeWindows_parallelism,1708175219,1
flink_operator_TumblingEventTimeWindows_parallelism,1708175224,1
flink_operator_TumblingEventTimeWindows_parallelism,1708175229,1
flink_operator_TumblingEventTimeWindows_parallelism,1708175234,1
flink_operator_TumblingEventTimeWindows_parallelism,1708175239,1
flink_operator_TumblingEventTimeWindows_parallelism,1708175244,1
flink_operator_TumblingEventTimeWindows_parallelism,1708175249,1
flink_operator_TumblingEventTimeWindows_parallelism,1708175254,1
flink_operator_TumblingEventTimeWindows_parallelism,1708175259,1
flink_operator_TumblingEventTimeWindows_parallelism,1708175264,1
flink_operator_TumblingEventTimeWindows_parallelism,1708175269,1
flink_operator_TumblingEventTimeWindows_parallelism,1708175274,1
flink_operator_TumblingEventTimeWindows_parallelism,1708175279,1
flink_operator_TumblingEventTimeWindows_parallelism,1708175284,1
flink_operator_TumblingEventTimeWindows_parallelism,1708175289,1
flink_operator_TumblingEventTimeWindows_parallelism,1708175294,1
flink_operator_TumblingEventTimeWindows_parallelism,1708175299,1
flink_operator_TumblingEventTimeWindows_parallelism,1708175304,1
flink_operator_TumblingEventTimeWindows_parallelism,1708175309,1
flink_operator_TumblingEventTimeWindows_parallelism,1708175314,1
flink_operator_TumblingEventTimeWindows_parallelism,1708175319,1
flink_operator_TumblingEventTimeWindows_parallelism,1708175324,1
flink_operator_TumblingEventTimeWindows_parallelism,1708175329,1
flink_operator_TumblingEventTimeWindows_parallelism,1708175334,1
flink_operator_TumblingEventTimeWindows_parallelism,1708175339,1
flink_operator_TumblingEventTimeWindows_parallelism,1708175344,1
flink_operator_TumblingEventTimeWindows_parallelism,1708175349,1
flink_operator_TumblingEventTimeWindows_parallelism,1708175354,1
flink_operator_TumblingEventTimeWindows_parallelism,1708175359,1
flink_operator_TumblingEventTimeWindows_parallelism,1708175364,1
flink_operator_TumblingEventTimeWindows_parallelism,1708175369,1
flink_operator_TumblingEventTimeWindows_parallelism,1708175374,1
flink_operator_TumblingEventTimeWindows_parallelism,1708175379,1
flink_operator_TumblingEventTimeWindows_parallelism,1708175384,1
flink_operator_TumblingEventTimeWindows_parallelism,1708175389,1
flink_operator_TumblingEventTimeWindows_parallelism,1708175394,1
flink_operator_TumblingEventTimeWindows_parallelism,1708175399,1
flink_operator_TumblingEventTimeWindows_parallelism,1708175404,1
flink_operator_TumblingEventTimeWindows_parallelism,1708175409,1
flink_operator_TumblingEventTimeWindows_parallelism,1708175414,1
flink_operator_TumblingEventTimeWindows_parallelism,1708175419,1
flink_operator_TumblingEventTimeWindows_parallelism,1708175424,1
flink_operator_TumblingEventTimeWindows_parallelism,1708175429,1
flink_operator_TumblingEventTimeWindows_parallelism,1708175434,1
flink_operator_TumblingEventTimeWindows_parallelism,1708175439,1
flink_operator_TumblingEventTimeWindows_parallelism,1708175444,1
flink_operator_TumblingEventTimeWindows_parallelism,1708175449,1
flink_operator_TumblingEventTimeWindows_parallelism,1708175454,1
flink_operator_TumblingEventTimeWindows_parallelism,1708175459,1
flink_operator_TumblingEventTimeWindows_parallelism,1708175464,1
flink_operator_TumblingEventTimeWindows_parallelism,1708175469,1
flink_operator_TumblingEventTimeWindows_parallelism,1708175474,1
flink_operator_TumblingEventTimeWindows_parallelism,1708175479,1
flink_operator_TumblingEventTimeWindows_parallelism,1708175484,1
flink_operator_TumblingEventTimeWindows_parallelism,1708175489,1
flink_operator_TumblingEventTimeWindows_parallelism,1708175494,1
flink_operator_TumblingEventTimeWindows_parallelism,1708175499,1
flink_operator_TumblingEventTimeWindows_parallelism,1708175504,1
flink_operator_TumblingEventTimeWindows_parallelism,1708175509,1
flink_operator_TumblingEventTimeWindows_parallelism,1708175514,1
flink_operator_TumblingEventTimeWindows_parallelism,1708175519,1
flink_operator_TumblingEventTimeWindows_parallelism,1708175524,1
flink_operator_TumblingEventTimeWindows_parallelism,1708175529,1
flink_operator_TumblingEventTimeWindows_parallelism,1708175534,1
flink_operator_TumblingEventTimeWindows_parallelism,1708175539,1
flink_operator_TumblingEventTimeWindows_parallelism,1708175544,1
flink_operator_TumblingEventTimeWindows_parallelism,1708175549,1
flink_operator_TumblingEventTimeWindows_parallelism,1708175554,1
flink_operator_TumblingEventTimeWindows_parallelism,1708175559,1
flink_operator_TumblingEventTimeWindows_parallelism,1708175564,NaN
flink_operator_TumblingEventTimeWindows_parallelism,1708175609,2
flink_operator_TumblingEventTimeWindows_parallelism,1708175614,2
flink_operator_TumblingEventTimeWindows_parallelism,1708175619,2
flink_operator_TumblingEventTimeWindows_parallelism,1708175624,2
flink_operator_TumblingEventTimeWindows_parallelism,1708175629,2
flink_operator_TumblingEventTimeWindows_parallelism,1708175634,2
flink_operator_TumblingEventTimeWindows_parallelism,1708175639,2
flink_operator_TumblingEventTimeWindows_parallelism,1708175644,2
flink_operator_TumblingEventTimeWindows_parallelism,1708175649,2
flink_operator_TumblingEventTimeWindows_parallelism,1708175654,2
flink_operator_TumblingEventTimeWindows_parallelism,1708175659,2
flink_operator_TumblingEventTimeWindows_parallelism,1708175664,2
flink_operator_TumblingEventTimeWindows_parallelism,1708175669,2
flink_operator_TumblingEventTimeWindows_parallelism,1708175674,2
flink_operator_TumblingEventTimeWindows_parallelism,1708175679,2
flink_operator_TumblingEventTimeWindows_parallelism,1708175684,2
flink_operator_TumblingEventTimeWindows_parallelism,1708175689,2
flink_operator_TumblingEventTimeWindows_parallelism,1708175694,2
flink_operator_TumblingEventTimeWindows_parallelism,1708175699,2
flink_operator_TumblingEventTimeWindows_parallelism,1708175704,2
flink_operator_TumblingEventTimeWindows_parallelism,1708175709,2
flink_operator_TumblingEventTimeWindows_parallelism,1708175714,2
flink_operator_TumblingEventTimeWindows_parallelism,1708175719,2
flink_operator_TumblingEventTimeWindows_parallelism,1708175724,2
flink_operator_TumblingEventTimeWindows_parallelism,1708175729,2
flink_operator_TumblingEventTimeWindows_parallelism,1708175734,2
flink_operator_TumblingEventTimeWindows_parallelism,1708175739,2
flink_operator_TumblingEventTimeWindows_parallelism,1708175744,2
flink_operator_TumblingEventTimeWindows_parallelism,1708175749,2
flink_operator_TumblingEventTimeWindows_parallelism,1708175754,2
flink_operator_TumblingEventTimeWindows_parallelism,1708175759,2
flink_operator_TumblingEventTimeWindows_parallelism,1708175764,2
flink_operator_TumblingEventTimeWindows_parallelism,1708175769,2
flink_operator_TumblingEventTimeWindows_parallelism,1708175774,2
flink_operator_TumblingEventTimeWindows_parallelism,1708175779,2
flink_operator_TumblingEventTimeWindows_parallelism,1708175784,2
flink_operator_TumblingEventTimeWindows_parallelism,1708175789,2
flink_operator_TumblingEventTimeWindows_parallelism,1708175794,2
flink_operator_TumblingEventTimeWindows_parallelism,1708175799,2
flink_operator_TumblingEventTimeWindows_parallelism,1708175804,2
flink_operator_TumblingEventTimeWindows_parallelism,1708175809,2
flink_operator_TumblingEventTimeWindows_parallelism,1708175814,2
flink_operator_TumblingEventTimeWindows_parallelism,1708175819,2
flink_operator_TumblingEventTimeWindows_parallelism,1708175824,2
flink_operator_TumblingEventTimeWindows_parallelism,1708175829,2
flink_operator_TumblingEventTimeWindows_parallelism,1708175834,2
flink_operator_TumblingEventTimeWindows_parallelism,1708175839,2
flink_operator_TumblingEventTimeWindows_parallelism,1708175844,2
flink_operator_TumblingEventTimeWindows_parallelism,1708175849,2
flink_operator_TumblingEventTimeWindows_parallelism,1708175854,2
flink_operator_TumblingEventTimeWindows_parallelism,1708175859,2
flink_operator_TumblingEventTimeWindows_parallelism,1708175864,2
flink_operator_TumblingEventTimeWindows_parallelism,1708175869,2
flink_operator_TumblingEventTimeWindows_parallelism,1708175874,2
flink_operator_TumblingEventTimeWindows_parallelism,1708175879,2
flink_operator_TumblingEventTimeWindows_parallelism,1708175884,2
flink_operator_TumblingEventTimeWindows_parallelism,1708175889,2
flink_operator_TumblingEventTimeWindows_parallelism,1708175894,2
flink_operator_TumblingEventTimeWindows_parallelism,1708175899,2
flink_operator_TumblingEventTimeWindows_parallelism,1708175904,2
flink_operator_TumblingEventTimeWindows_parallelism,1708175909,2
flink_operator_TumblingEventTimeWindows_parallelism,1708175914,2
flink_operator_TumblingEventTimeWindows_parallelism,1708175919,2
flink_operator_TumblingEventTimeWindows_parallelism,1708175924,2
flink_operator_TumblingEventTimeWindows_parallelism,1708175929,2
flink_operator_TumblingEventTimeWindows_parallelism,1708175934,2
flink_operator_TumblingEventTimeWindows_parallelism,1708175939,2
flink_operator_TumblingEventTimeWindows_parallelism,1708175944,2
flink_operator_TumblingEventTimeWindows_parallelism,1708175949,2
flink_operator_TumblingEventTimeWindows_parallelism,1708175954,2
flink_operator_TumblingEventTimeWindows_parallelism,1708175959,2
flink_operator_TumblingEventTimeWindows_parallelism,1708175964,2
flink_operator_TumblingEventTimeWindows_parallelism,1708175969,2
flink_operator_TumblingEventTimeWindows_parallelism,1708175974,2
flink_operator_TumblingEventTimeWindows_parallelism,1708175979,2
flink_operator_TumblingEventTimeWindows_parallelism,1708175984,2
flink_operator_TumblingEventTimeWindows_parallelism,1708175989,2
flink_operator_TumblingEventTimeWindows_parallelism,1708175994,2
flink_operator_TumblingEventTimeWindows_parallelism,1708175999,2
flink_operator_TumblingEventTimeWindows_parallelism,1708176004,2
flink_operator_TumblingEventTimeWindows_parallelism,1708176009,1
flink_operator_TumblingEventTimeWindows_parallelism,1708176014,NaN
flink_operator_TumblingEventTimeWindows_parallelism,1708176059,3
flink_operator_TumblingEventTimeWindows_parallelism,1708176064,3
flink_operator_TumblingEventTimeWindows_parallelism,1708176069,3
flink_operator_TumblingEventTimeWindows_parallelism,1708176074,3
flink_operator_TumblingEventTimeWindows_parallelism,1708176079,3
flink_operator_TumblingEventTimeWindows_parallelism,1708176084,3
flink_operator_TumblingEventTimeWindows_parallelism,1708176089,3
flink_operator_TumblingEventTimeWindows_parallelism,1708176094,3
flink_operator_TumblingEventTimeWindows_parallelism,1708176099,3
flink_operator_TumblingEventTimeWindows_parallelism,1708176104,3
flink_operator_TumblingEventTimeWindows_parallelism,1708176109,3
flink_operator_TumblingEventTimeWindows_parallelism,1708176114,3
flink_operator_TumblingEventTimeWindows_parallelism,1708176119,3
flink_operator_TumblingEventTimeWindows_parallelism,1708176124,3
flink_operator_TumblingEventTimeWindows_parallelism,1708176129,3
flink_operator_TumblingEventTimeWindows_parallelism,1708176134,3
flink_operator_TumblingEventTimeWindows_parallelism,1708176139,3
flink_operator_TumblingEventTimeWindows_parallelism,1708176144,3
flink_operator_TumblingEventTimeWindows_parallelism,1708176149,3
flink_operator_TumblingEventTimeWindows_parallelism,1708176154,3
flink_operator_TumblingEventTimeWindows_parallelism,1708176159,3
flink_operator_TumblingEventTimeWindows_parallelism,1708176164,3
flink_operator_TumblingEventTimeWindows_parallelism,1708176169,3
flink_operator_TumblingEventTimeWindows_parallelism,1708176174,3
flink_operator_TumblingEventTimeWindows_parallelism,1708176179,3
flink_operator_TumblingEventTimeWindows_parallelism,1708176184,3
flink_operator_TumblingEventTimeWindows_parallelism,1708176189,3
flink_operator_TumblingEventTimeWindows_parallelism,1708176194,3
flink_operator_TumblingEventTimeWindows_parallelism,1708176199,3
flink_operator_TumblingEventTimeWindows_parallelism,1708176204,3
flink_operator_TumblingEventTimeWindows_parallelism,1708176209,3
flink_operator_TumblingEventTimeWindows_parallelism,1708176214,3
flink_operator_TumblingEventTimeWindows_parallelism,1708176219,3
flink_operator_TumblingEventTimeWindows_parallelism,1708176224,3
flink_operator_TumblingEventTimeWindows_parallelism,1708176229,3
flink_operator_TumblingEventTimeWindows_parallelism,1708176234,3
flink_operator_TumblingEventTimeWindows_parallelism,1708176239,3
flink_operator_TumblingEventTimeWindows_parallelism,1708176244,3
flink_operator_TumblingEventTimeWindows_parallelism,1708176249,3
flink_operator_TumblingEventTimeWindows_parallelism,1708176254,3
flink_operator_TumblingEventTimeWindows_parallelism,1708176259,3
flink_operator_TumblingEventTimeWindows_parallelism,1708176264,3
flink_operator_TumblingEventTimeWindows_parallelism,1708176269,3
flink_operator_TumblingEventTimeWindows_parallelism,1708176274,3
flink_operator_TumblingEventTimeWindows_parallelism,1708176279,3
flink_operator_TumblingEventTimeWindows_parallelism,1708176284,3
flink_operator_TumblingEventTimeWindows_parallelism,1708176289,3
flink_operator_TumblingEventTimeWindows_parallelism,1708176294,3
flink_operator_TumblingEventTimeWindows_parallelism,1708176299,3
flink_operator_TumblingEventTimeWindows_parallelism,1708176304,3
flink_operator_TumblingEventTimeWindows_parallelism,1708176309,3
flink_operator_TumblingEventTimeWindows_parallelism,1708176314,3
flink_operator_TumblingEventTimeWindows_parallelism,1708176319,3
flink_operator_TumblingEventTimeWindows_parallelism,1708176324,3
flink_operator_TumblingEventTimeWindows_parallelism,1708176329,3
flink_operator_TumblingEventTimeWindows_parallelism,1708176334,3
flink_operator_TumblingEventTimeWindows_parallelism,1708176339,3
flink_operator_TumblingEventTimeWindows_parallelism,1708176344,3
flink_operator_TumblingEventTimeWindows_parallelism,1708176349,3
flink_operator_TumblingEventTimeWindows_parallelism,1708176354,3
flink_operator_TumblingEventTimeWindows_parallelism,1708176359,3
flink_operator_TumblingEventTimeWindows_parallelism,1708176364,3
flink_operator_TumblingEventTimeWindows_parallelism,1708176369,3
flink_operator_TumblingEventTimeWindows_parallelism,1708176374,3
flink_operator_TumblingEventTimeWindows_parallelism,1708176379,3
flink_operator_TumblingEventTimeWindows_parallelism,1708176384,3
flink_operator_TumblingEventTimeWindows_parallelism,1708176389,3
flink_operator_TumblingEventTimeWindows_parallelism,1708176394,3
flink_operator_TumblingEventTimeWindows_parallelism,1708176399,3
flink_operator_TumblingEventTimeWindows_parallelism,1708176404,3
flink_operator_TumblingEventTimeWindows_parallelism,1708176409,3
flink_operator_TumblingEventTimeWindows_parallelism,1708176414,3
flink_operator_TumblingEventTimeWindows_parallelism,1708176419,3
flink_operator_TumblingEventTimeWindows_parallelism,1708176424,3
flink_operator_TumblingEventTimeWindows_parallelism,1708176429,3
flink_operator_TumblingEventTimeWindows_parallelism,1708176434,3
flink_operator_TumblingEventTimeWindows_parallelism,1708176439,3
flink_operator_TumblingEventTimeWindows_parallelism,1708176444,3
flink_operator_TumblingEventTimeWindows_parallelism,1708176449,3
flink_operator_TumblingEventTimeWindows_parallelism,1708176454,3
flink_operator_TumblingEventTimeWindows_parallelism,1708176459,1
flink_operator_TumblingEventTimeWindows_parallelism,1708176464,NaN
flink_operator_TumblingEventTimeWindows_parallelism,1708176504,2
flink_operator_TumblingEventTimeWindows_parallelism,1708176509,4
flink_operator_TumblingEventTimeWindows_parallelism,1708176514,4
flink_operator_TumblingEventTimeWindows_parallelism,1708176519,4
flink_operator_TumblingEventTimeWindows_parallelism,1708176524,4
flink_operator_TumblingEventTimeWindows_parallelism,1708176529,4
flink_operator_TumblingEventTimeWindows_parallelism,1708176534,4
flink_operator_TumblingEventTimeWindows_parallelism,1708176539,4
flink_operator_TumblingEventTimeWindows_parallelism,1708176544,4
flink_operator_TumblingEventTimeWindows_parallelism,1708176549,4
flink_operator_TumblingEventTimeWindows_parallelism,1708176554,4
flink_operator_TumblingEventTimeWindows_parallelism,1708176559,4
flink_operator_TumblingEventTimeWindows_parallelism,1708176564,4
flink_operator_TumblingEventTimeWindows_parallelism,1708176569,4
flink_operator_TumblingEventTimeWindows_parallelism,1708176574,4
flink_operator_TumblingEventTimeWindows_parallelism,1708176579,4
flink_operator_TumblingEventTimeWindows_parallelism,1708176584,4
flink_operator_TumblingEventTimeWindows_parallelism,1708176589,4
flink_operator_TumblingEventTimeWindows_parallelism,1708176594,4
flink_operator_TumblingEventTimeWindows_parallelism,1708176599,4
flink_operator_TumblingEventTimeWindows_parallelism,1708176604,4
flink_operator_TumblingEventTimeWindows_parallelism,1708176609,4
flink_operator_TumblingEventTimeWindows_parallelism,1708176614,4
flink_operator_TumblingEventTimeWindows_parallelism,1708176619,4
flink_operator_TumblingEventTimeWindows_parallelism,1708176624,4
flink_operator_TumblingEventTimeWindows_parallelism,1708176629,4
flink_operator_TumblingEventTimeWindows_parallelism,1708176634,4
flink_operator_TumblingEventTimeWindows_parallelism,1708176639,4
flink_operator_TumblingEventTimeWindows_parallelism,1708176644,4
flink_operator_TumblingEventTimeWindows_parallelism,1708176649,4
flink_operator_TumblingEventTimeWindows_parallelism,1708176654,4
flink_operator_TumblingEventTimeWindows_parallelism,1708176659,4
flink_operator_TumblingEventTimeWindows_parallelism,1708176664,4
flink_operator_TumblingEventTimeWindows_parallelism,1708176669,4
flink_operator_TumblingEventTimeWindows_parallelism,1708176674,4
flink_operator_TumblingEventTimeWindows_parallelism,1708176679,4
flink_operator_TumblingEventTimeWindows_parallelism,1708176684,4
flink_operator_TumblingEventTimeWindows_parallelism,1708176689,4
flink_operator_TumblingEventTimeWindows_parallelism,1708176694,4
flink_operator_TumblingEventTimeWindows_parallelism,1708176699,4
flink_operator_TumblingEventTimeWindows_parallelism,1708176704,4
flink_operator_TumblingEventTimeWindows_parallelism,1708176709,4
flink_operator_TumblingEventTimeWindows_parallelism,1708176714,4
flink_operator_TumblingEventTimeWindows_parallelism,1708176719,4
flink_operator_TumblingEventTimeWindows_parallelism,1708176724,4
flink_operator_TumblingEventTimeWindows_parallelism,1708176729,4
flink_operator_TumblingEventTimeWindows_parallelism,1708176734,4
flink_operator_TumblingEventTimeWindows_parallelism,1708176739,4
flink_operator_TumblingEventTimeWindows_parallelism,1708176744,4
flink_operator_TumblingEventTimeWindows_parallelism,1708176749,4
flink_operator_TumblingEventTimeWindows_parallelism,1708176754,4
flink_operator_TumblingEventTimeWindows_parallelism,1708176759,4
flink_operator_TumblingEventTimeWindows_parallelism,1708176764,4
flink_operator_TumblingEventTimeWindows_parallelism,1708176769,4
flink_operator_TumblingEventTimeWindows_parallelism,1708176774,4
flink_operator_TumblingEventTimeWindows_parallelism,1708176779,4
flink_operator_TumblingEventTimeWindows_parallelism,1708176784,4
flink_operator_TumblingEventTimeWindows_parallelism,1708176789,4
flink_operator_TumblingEventTimeWindows_parallelism,1708176794,4
flink_operator_TumblingEventTimeWindows_parallelism,1708176799,4
flink_operator_TumblingEventTimeWindows_parallelism,1708176804,4
flink_operator_TumblingEventTimeWindows_parallelism,1708176809,4
flink_operator_TumblingEventTimeWindows_parallelism,1708176814,4
flink_operator_TumblingEventTimeWindows_parallelism,1708176819,4
flink_operator_TumblingEventTimeWindows_parallelism,1708176824,4
flink_operator_TumblingEventTimeWindows_parallelism,1708176829,4
flink_operator_TumblingEventTimeWindows_parallelism,1708176834,4
flink_operator_TumblingEventTimeWindows_parallelism,1708176839,4
flink_operator_TumblingEventTimeWindows_parallelism,1708176844,4
flink_operator_TumblingEventTimeWindows_parallelism,1708176849,4
flink_operator_TumblingEventTimeWindows_parallelism,1708176854,4
flink_operator_TumblingEventTimeWindows_parallelism,1708176859,4
flink_operator_TumblingEventTimeWindows_parallelism,1708176864,4
flink_operator_TumblingEventTimeWindows_parallelism,1708176869,4
flink_operator_TumblingEventTimeWindows_parallelism,1708176874,4
flink_operator_TumblingEventTimeWindows_parallelism,1708176879,4
flink_operator_TumblingEventTimeWindows_parallelism,1708176884,4
flink_operator_TumblingEventTimeWindows_parallelism,1708176889,4
flink_operator_TumblingEventTimeWindows_parallelism,1708176894,4
